SKU|Product Name|Price|Department
MU1001|Pro-Ject Debut Carbon EVO Turntable|499.00|Turntables
MU1002|Audio-Technica AT-LP120XUSB Turntable|299.00|Turntables
MU1003|Rega Planar 1 Turntable|475.00|Turntables
MU1004|U-Turn Orbit Plus Turntable|319.00|Turntables
MU1005|Fluance RT85 Reference Turntable|349.95|Turntables
MU1006|Nagaoka MP-110 Phono Cartridge|109.00|Cartridges
MU1007|Ortofon 2M Red MM Cartridge|99.00|Cartridges
MU1008|Ortofon 2M Blue MM Cartridge|199.00|Cartridges
MU1009|Grado Black3 Phono Cartridge|79.00|Cartridges
MU1010|Shure M97xE Phono Cartridge|149.00|Cartridges
MU1011|Pro-Ject Phono Box S2 Preamp|149.00|Phono Preamps
MU1012|Schiit Mani 2 Phono Preamp|149.00|Phono Preamps
MU1013|Cambridge Audio Alva Solo Phono Preamp|179.00|Phono Preamps
MU1014|Rega Fono Mini A2D Phono Preamp|95.00|Phono Preamps
MU1015|NAD PP 4 Digital Phono Preamp|129.00|Phono Preamps
MU1016|Marantz PM6007 Integrated Amplifier|699.00|Amplifiers
MU1017|Yamaha A-S501 Stereo Integrated Amp|549.00|Amplifiers
MU1018|NAD C 316BEE V2 Integrated Amplifier|479.00|Amplifiers
MU1019|Cambridge Audio AXA35 Integrated Amp|349.00|Amplifiers
MU1020|Rega Brio Integrated Amplifier|995.00|Amplifiers
MU1021|Marantz CD6007 CD Player|499.00|CD Players
MU1022|Cambridge Audio AXC35 CD Player|349.00|CD Players
MU1023|Yamaha CD-S303 CD Player|349.95|CD Players
MU1024|Sony CDP-CE500 5-Disc CD Changer|229.00|CD Players
MU1025|NAD C 538 CD Player|379.00|CD Players
MU1026|Marantz NR1200 Stereo Network Receiver|799.00|Receivers
MU1027|Yamaha R-S202 Stereo Receiver|199.95|Receivers
MU1028|Pioneer SX-10AE Stereo Receiver|249.00|Receivers
MU1029|Sony STR-DH190 Stereo Receiver|179.00|Receivers
MU1030|Onkyo TX-8220 Stereo Receiver|249.00|Receivers
MU1031|Klipsch R-51M Bookshelf Speakers (Pair)|299.00|Speakers
MU1032|ELAC Debut 2.0 B6.2 Bookshelf Speakers|349.98|Speakers
MU1033|Q Acoustics 3020i Bookshelf Speakers|299.00|Speakers
MU1034|Polk Audio T15 Bookshelf Speakers (Pair)|99.00|Speakers
MU1035|KEF Q150 Bookshelf Speakers (Pair)|549.99|Speakers
MU1036|Mogami 2534 RCA Interconnect Cable 1m|34.95|Cables & Accessories
MU1037|AudioQuest Tower Banana Speaker Cable 8ft|49.95|Cables & Accessories
MU1038|Pro-Ject VC-S2 ALU Record Cleaning Machine|499.00|Cables & Accessories
MU1039|Spin-Clean Record Washer System|79.99|Cables & Accessories
MU1040|Record Doctor V Record Cleaning Machine|119.00|Cables & Accessories
MU1041|Schiit Loki Mini+ 4-Band EQ|149.00|Signal Processing
MU1042|Pro-Ject Tube Box S2 Phono Preamp|499.00|Signal Processing
MU1043|Bellari VP130 MkII Tube Phono Preamp|299.00|Signal Processing
MU1044|Douk Audio G3 Tube Headphone Amp|139.00|Signal Processing
MU1045|Schiit Vali 2+ Tube Hybrid Headphone Amp|149.00|Signal Processing
MU1046|Sennheiser HD 560S Open-Back Headphones|179.95|Headphones
MU1047|Grado SR80x Prestige Open-Back Headphones|99.00|Headphones
MU1048|Audio-Technica ATH-M50x Headphones|149.00|Headphones
MU1049|Beyerdynamic DT 770 Pro 80 Ohm Headphones|179.00|Headphones
MU1050|Koss Porta Pro On-Ear Headphones|44.99|Headphones
VR2001|Led Zeppelin - Led Zeppelin IV (1971)|34.99|Vinyl Records
VR2002|The Rolling Stones - Exile on Main St. (1972)|39.99|Vinyl Records
VR2003|The Beatles - Abbey Road (1969)|34.99|Vinyl Records
VR2004|Jimi Hendrix - Are You Experienced (1967)|32.99|Vinyl Records
VR2005|Pink Floyd - The Dark Side of the Moon (1973)|36.99|Vinyl Records
VR2006|The Who - Who's Next (1971)|29.99|Vinyl Records
VR2007|Cream - Wheels of Fire (1968)|34.99|Vinyl Records
VR2008|Fleetwood Mac - Rumours (1977)|31.99|Vinyl Records
VR2009|The Doors - Morrison Hotel (1970)|29.99|Vinyl Records
VR2010|Creedence Clearwater Revival - Cosmo's Factory (1970)|27.99|Vinyl Records
VR2011|Derek and the Dominos - Layla and Other Assorted Love Songs (1970)|36.99|Vinyl Records
VR2012|Deep Purple - Machine Head (1972)|28.99|Vinyl Records
VR2013|Santana - Abraxas (1970)|27.99|Vinyl Records
VR2014|The Allman Brothers Band - At Fillmore East (1971)|34.99|Vinyl Records
VR2015|Aerosmith - Rocks (1976)|27.99|Vinyl Records
VR2016|Black Sabbath - Paranoid (1970)|29.99|Vinyl Records
VR2017|Neil Young - Harvest (1972)|29.99|Vinyl Records
VR2019|Grateful Dead - Workingman's Dead (1970)|29.99|Vinyl Records
VR2020|Steely Dan - Aja (1977)|31.99|Vinyl Records